CREATE TABLE IF NOT EXISTS dodavatele_motoru (
    id_dodavatele_motoru SERIAL PRIMARY KEY,
    nazev VARCHAR(50) NOT NULL
);

INSERT INTO dodavatele_motoru (id_dodavatele_motoru, nazev) VALUES
    (1, 'Ferrari'),
    (2, 'Honda RBPT'),
    (3, 'Mercedes'),
    (4, 'Renault');

CREATE TABLE IF NOT EXISTS narodnosti (
    id_narodnosti SERIAL PRIMARY KEY,
    nazev VARCHAR(25) NOT NULL
);

INSERT INTO narodnosti (id_narodnosti, nazev) VALUES
    (1, 'americká'),
    (2, 'australská'),
    (3, 'britská'),
    (4, 'čínská'),
    (5, 'dánská'),
    (6, 'finská'),
    (7, 'francouzská'),
    (8, 'italská'),
    (9, 'japonská'),
    (10, 'kanadská'),
    (11, 'lucemburská'),
    (12, 'mexická'),
    (13, 'monacká'),
    (14, 'německá'),
    (15, 'nizozemská'),
    (16, 'rakouská'),
    (17, 'španělská'),
    (18, 'thajská');

CREATE TABLE IF NOT EXISTS staty (
    id_statu SERIAL PRIMARY KEY,
    nazev VARCHAR(30) NOT NULL
);

INSERT INTO staty (id_statu, nazev) VALUES
    (1, 'Austrálie'),
    (2, 'Ázerbájdžán'),
    (3, 'Bahrajn'),
    (4, 'Belgie'),
    (5, 'Brazílie'),
    (6, 'Čína'),
    (7, 'Itálie'),
    (8, 'Japonsko'),
    (9, 'Kanada'),
    (10, 'Katar'),
    (11, 'Maďarsko'),
    (12, 'Mexiko'),
    (13, 'Monako'),
    (14, 'Nizozemsko'),
    (15, 'Rakousko'),
    (16, 'Saudská Arábie'),
    (17, 'Singapur'),
    (18, 'Spojené arabské emiráty'),
    (19, 'Spojené království'),
    (20, 'Španělsko'),
    (21, 'USA');


CREATE TABLE IF NOT EXISTS okruhy (
    id_okruhu SERIAL PRIMARY KEY,
    nazev VARCHAR(45) NOT NULL,
    id_statu INT NOT NULL,
    CONSTRAINT FK_okruhy_staty FOREIGN KEY (id_statu) REFERENCES staty (id_statu) ON DELETE NO ACTION ON UPDATE NO ACTION
);

INSERT INTO okruhy (id_okruhu, nazev, id_statu) VALUES
    (1, 'Autodromo Enzo e Dino Ferrari', 7),
    (2, 'Autódromo Hermanos Rodríguez', 12),
    (3, 'Autódromo José Carlos Pace', 5),
    (4, 'Autodromo Nazionale Monza', 7),
    (5, 'Bahrain International Circuit', 3),
    (6, 'Baku City Circuit', 2),
    (7, 'Circuit de Barcelona-Catalunya', 20),
    (8, 'Circuit de Monaco', 13),
    (9, 'Circuit de Spa-Francorchamps', 4),
    (10, 'Circuit Gilles-Villeneuve', 9),
    (11, 'Circuit of The Americas', 21),
    (12, 'Circuit Zandvoort', 14),
    (13, 'Hungaroring', 11),
    (14, 'Jeddah Corniche Circuit', 16),
    (15, 'Las Vegas Strip Circuit', 21),
    (16, 'Losail International Circuit', 10),
    (17, 'Marina Bay Street Circuit', 17),
    (18, 'Melbourne Grand Prix Circuit', 1),
    (19, 'Miami International Autodrome', 21),
    (20, 'Red Bull Ring', 15),
    (21, 'Shanghai International Circuit', 6),
    (22, 'Silverstone Circuit', 19),
    (23, 'Suzuka International Racing Course', 8),
    (24, 'Yas Marina Circuit', 18);

CREATE TABLE IF NOT EXISTS tymy (
    id_tymu SERIAL PRIMARY KEY,
    nazev VARCHAR(50) NOT NULL,
    id_dodavatele_motoru INT NOT NULL,
    id_reditele_tymu INT NOT NULL,
    CONSTRAINT FK_tymy_dodavatele_motoru FOREIGN KEY (id_dodavatele_motoru) REFERENCES dodavatele_motoru (id_dodavatele_motoru) ON DELETE NO ACTION ON UPDATE NO ACTION,
    CONSTRAINT FK_tymy_reditele_tymu FOREIGN KEY (id_reditele_tymu) REFERENCES reditele_tymu (id_reditele_tymu) ON DELETE NO ACTION ON UPDATE NO ACTION
);

INSERT INTO tymy (id_tymu, nazev, id_dodavatele_motoru, id_reditele_tymu) VALUES
    (1, 'Aston Martin Aramco F1 Team', 3, 4),
    (2, 'BWT Alpine F1 Team', 4, 1),
    (3, 'McLaren Formula 1 Team', 3, 6),
    (4, 'Mercedes-AMG Petronas F1 Team', 3, 10),
    (5, 'MoneyGram Haas F1 Team', 1, 3),
    (6, 'Oracle Red Bull Racing', 2, 2),
    (7, 'Scuderia Ferrari HP', 1, 8),
    (8, 'Stake F1 Team Kick Sauber', 1, 5),
    (9, 'Visa Cash App RB F1 Team', 2, 7),
    (10, 'Williams Racing', 3, 9);


CREATE TABLE IF NOT EXISTS piloti (
    id_pilota SERIAL PRIMARY KEY,
    jmeno VARCHAR(25) NOT NULL,
    prijmeni VARCHAR(25) NOT NULL,
    datum_narozeni DATE DEFAULT NULL,
    id_narodnosti INT NOT NULL,
    id_tymu INT NOT NULL,
    cislo_pilota INT NOT NULL,
    CONSTRAINT FK_piloti_narodnosti FOREIGN KEY (id_narodnosti) REFERENCES narodnosti (id_narodnosti) ON DELETE NO ACTION ON UPDATE NO ACTION,
    CONSTRAINT FK_piloti_tymy FOREIGN KEY (id_tymu) REFERENCES tymy (id_tymu) ON DELETE NO ACTION ON UPDATE NO ACTION
);

INSERT INTO piloti (id_pilota, jmeno, prijmeni, datum_narozeni, id_narodnosti, id_tymu, cislo_pilota) VALUES
    (1, 'Fernando', 'Alonso', '1981-07-29', 17, 1, 14),
    (2, 'Lance', 'Stroll', '1998-10-29', 10, 1, 18),
    (3, 'Pierre', 'Gasly', '1996-02-07', 7, 2, 10),
    (4, 'Esteban', 'Ocon', '1996-09-17', 7, 2, 31),
    (5, 'Lando', 'Norris', '1999-11-13', 3, 3, 4),
    (6, 'Oscar', 'Piastri', '2001-04-06', 2, 3, 81),
    (7, 'Lewis', 'Hamilton', '1985-01-07', 3, 4, 44),
    (8, 'George', 'Russell', '1998-02-15', 3, 4, 63),
    (9, 'Kevin', 'Magnussen', '1992-10-05', 5, 5, 20),
    (10, 'Nico', 'Hülkenberg', '1987-08-19', 14, 5, 27),
    (11, 'Max', 'Verstappen', '1997-09-30', 15, 6, 1),
    (12, 'Sergio', 'Pérez', '1990-01-26', 12, 6, 11),
    (13, 'Charles', 'Leclerc', '1997-10-16', 13, 7, 16),
    (14, 'Oliver', 'Bearman', '2005-05-08', 3, 7, 38),
    (15, 'Carlos', 'Sainz', '1994-09-01', 17, 7, 55),
    (16, 'Guanyu', 'Zhou', '1999-05-30', 4, 8, 24),
    (17, 'Valtteri', 'Bottas', '1989-08-28', 6, 8, 77),
    (18, 'Daniel', 'Ricciardo', '1989-07-01', 2, 9, 3),
    (19, 'Yuki', 'Tsunoda', '2000-05-11', 9, 9, 22),
    (20, 'Logan', 'Sargeant', '2000-12-31', 1, 10, 2),
    (21, 'Alex', 'Albon', '1996-03-23', 18, 10, 23);

CREATE TABLE IF NOT EXISTS reditele_tymu (
    id_reditele_tymu SERIAL PRIMARY KEY,
    jmeno VARCHAR(25) NOT NULL,
    prijmeni VARCHAR(25) NOT NULL,
    datum_narozeni DATE DEFAULT NULL,
    id_narodnosti INT NOT NULL,
    CONSTRAINT FK_reditele_tymu_narodnosti FOREIGN KEY (id_narodnosti) REFERENCES narodnosti (id_narodnosti) ON DELETE NO ACTION ON UPDATE NO ACTION
);

INSERT INTO reditele_tymu (id_reditele_tymu, jmeno, prijmeni, datum_narozeni, id_narodnosti) VALUES
    (1, 'Bruno', 'Famin', '1962-01-10', 7),
    (2, 'Christian', 'Horner', '1973-11-16', 3),
    (3, 'Ayao', 'Komatsu', '1976-01-28', 9),
    (4, 'Mike', 'Krack', '1972-03-18', 11),
    (5, 'Andreas', 'Seidl', '1976-01-06', 14),
    (6, 'Andrea', 'Stella', '1971-02-22', 8),
    (7, 'Franz', 'Tost', '1956-01-20', 16),
    (8, 'Frédéric', 'Vasseur', '1968-05-28', 7),
    (9, 'James', 'Vowles', '1979-06-20', 3),
    (10, 'Toto', 'Wolff', '1972-01-12', 16);

CREATE TABLE IF NOT EXISTS statusy (
    id_statusu SERIAL PRIMARY KEY,
    status VARCHAR(20) NOT NULL
);

INSERT INTO statusy (id_statusu, status) VALUES
    (1, 'dokončil'),
    (2, 'nedokončil'),
    (3, 'nestartoval'),
    (4, 'diskvalifikován');

CREATE TABLE IF NOT EXISTS zavody (
    id_zavodu SERIAL PRIMARY KEY,
    nazev VARCHAR(50) NOT NULL,
    id_okruhu INT NOT NULL,
    hlavni_zavod BOOLEAN NOT NULL,
    datum_zavodu DATE DEFAULT NULL,
    cas_zavodu TIME DEFAULT NULL,
    CONSTRAINT FK_zavody_okruhy FOREIGN KEY (id_okruhu)
        REFERENCES okruhy (id_okruhu)
        ON DELETE NO ACTION
        ON UPDATE NO ACTION
);

INSERT INTO zavody (id_zavodu, nazev, id_okruhu, hlavni_zavod, datum_zavodu, cas_zavodu) VALUES
    (1, 'Bahrain Grand Prix', 5, true, '2024-03-02', '16:00:00'),
    (2, 'Saudi Arabian Grand Prix', 14, true, '2024-03-09', '18:00:00'),
    (3, 'Australian Grand Prix', 18, true, '2024-03-24', '05:00:00'),
    (4, 'Japanese Grand Prix', 23, true, '2024-04-07', '07:00:00'),
    (5, 'Chinese Grand Prix', 21, false, '2024-04-20', '05:00:00'),
    (6, 'Chinese Grand Prix', 21, true, '2024-04-21', '09:00:00'),
    (7, 'Miami Grand Prix', 19, false, '2024-05-04', '18:00:00'),
    (8, 'Miami Grand Prix', 19, true, '2024-05-05', '22:00:00'),
    (9, 'Emilia Romagna Grand Prix', 1, true, '2024-05-19', '15:00:00'),
    (10, 'Monaco Grand Prix', 8, true, '2024-05-26', '15:00:00'),
    (11, 'Canadian Grand Prix', 10, true, '2024-06-09', '20:00:00'),
    (12, 'Spanish Grand Prix', 7, true, '2024-06-23', '15:00:00'),
    (13, 'Austrian Grand Prix', 20, false, '2024-06-29', '12:00:00'),
    (14, 'Austrian Grand Prix', 20, true, '2024-06-30', '15:00:00'),
    (15, 'British Grand Prix', 22, true, '2024-07-07', '16:00:00'),
    (16, 'Hungarian Grand Prix', 13, true, '2024-07-21', '15:00:00'),
    (17, 'Belgian Grand Prix', 9, true, '2024-07-28', '15:00:00'),
    (18, 'Dutch Grand Prix', 12, true, '2024-08-25', '15:00:00'),
    (19, 'Italian Grand Prix', 4, true, '2024-09-01', '15:00:00'),
    (20, 'Azerbaijan Grand Prix', 6, true, '2024-09-15', '13:00:00'),
    (21, 'Singapore Grand Prix', 17, true, '2024-09-22', '14:00:00'),
    (22, 'United States Grand Prix', 11, false, '2024-10-19', '20:00:00'),
    (23, 'United States Grand Prix', 11, true, '2024-10-20', '21:00:00'),
    (24, 'Gran Premio de Mexico', 2, true, '2024-10-27', '21:00:00'),
    (25, 'Sao Paulo Grand Prix', 3, false, '2024-11-02', '15:00:00'),
    (26, 'Sao Paulo Grand Prix', 3, true, '2024-11-03', '18:00:00'),
    (27, 'Las Vegas Grand Prix', 15, true, '2024-11-24', '07:00:00'),
    (28, 'Qatar Grand Prix', 16, false, '2024-11-30', '14:00:00'),
    (29, 'Qatar Grand Prix', 16, true, '2024-12-01', '18:00:00'),
    (30, 'Abu Dhabi Grand Prix', 24, true, '2024-12-08', '14:00:00');

CREATE TABLE IF NOT EXISTS vysledky_zavodu (
  id_vysledku SERIAL PRIMARY KEY,
  id_zavodu INTEGER NOT NULL,
  id_pilota INTEGER NOT NULL,
  pozice_na_startu INTEGER DEFAULT NULL,
  pozice_v_cili INTEGER DEFAULT NULL,
  id_statusu INTEGER NOT NULL,
  pocet_odjetych_kol INTEGER DEFAULT 0,
  pocet_bodu INTEGER DEFAULT 0,
  cas TIME(3) DEFAULT NULL,
  cas_nejrychlejsiho_kola TIME(3) DEFAULT NULL,
  CONSTRAINT fk_vysledky_zavodu_zavody FOREIGN KEY (id_zavodu) REFERENCES zavody(id_zavodu) ON DELETE NO ACTION ON UPDATE NO ACTION,
  CONSTRAINT fk_vysledky_zavodu_piloti FOREIGN KEY (id_pilota) REFERENCES piloti(id_pilota) ON DELETE NO ACTION ON UPDATE NO ACTION,
  CONSTRAINT fk_vysledky_zavodu_statusy FOREIGN KEY (id_statusu) REFERENCES statusy(id_statusu) ON DELETE NO ACTION ON UPDATE NO ACTION
);

INSERT INTO vysledky_zavodu (id_vysledku, id_zavodu, id_pilota, pozice_na_startu, pozice_v_cili, id_statusu, pocet_odjetych_kol, pocet_bodu, cas, cas_nejrychlejsiho_kola) VALUES
  (1, 1, 11, 1, 1, 1, 57, 26, '01:31:44.742', '00:01:32.608'),
	(2, 1, 12, 5, 2, 1, 57, 18, '01:32:07.199', '00:01:34.364'),
	(3, 1, 15, 4, 3, 1, 57, 15, '01:32:09.852', '00:01:34.507'),
	(4, 1, 13, 2, 4, 1, 57, 12, '01:32:24.401', '00:01:34.090'),
	(5, 1, 8, 3, 5, 1, 57, 10, '01:32:31.530', '00:01:35.065'),
	(6, 1, 5, 7, 6, 1, 57, 8, '01:32:33.200', '00:01:34.476'),
	(7, 1, 7, 9, 7, 1, 57, 6, '01:32:35.066', '00:01:34.722'),
	(8, 1, 6, 8, 8, 1, 57, 4, '01:32:40.824', '00:01:34.983'),
	(9, 1, 1, 6, 9, 1, 57, 2, '01:32:59.629', '00:01:34.199'),
	(10, 1, 2, 12, 10, 1, 57, 1, '01:33:17.958', '00:01:35.632'),
	(11, 1, 16, 17, 11, 1, 56, 0, '01:31:51.501', '00:01:35.458'),
	(12, 1, 9, 15, 12, 1, 56, 0, '01:31:53.058', '00:01:35.570'),
	(13, 1, 18, 14, 13, 1, 56, 0, '01:31:53.700', '00:01:35.163'),
	(14, 1, 19, 11, 14, 1, 56, 0, '01:31:54.224', '00:01:35.833'),
	(15, 1, 21, 13, 15, 1, 56, 0, '01:31:56.628', '00:01:35.723'),
	(16, 1, 10, 10, 16, 1, 56, 0, '01:32:02.374', '00:01:34.834'),
	(17, 1, 4, 19, 17, 1, 56, 0, '01:32:16.192', '00:01:36.226'),
	(18, 1, 3, 20, 18, 1, 56, 0, '01:32:17.159', '00:01:34.805'),
	(19, 1, 17, 16, 19, 1, 56, 0, '01:33:07.972', '00:01:36.202'),
	(20, 1, 20, 18, 20, 1, 55, 0, '01:32:05.537', '00:01:34.735'),
	(21, 1, 14, NULL, NULL, 3, NULL, NULL, NULL, NULL),
	(22, 2, 11, 1, 1, 1, 50, 25, '01:20:43.273', '00:01:31.773'),
	(23, 2, 12, 3, 2, 1, 50, 18, '01:20:56.916', '00:01:32.273'),
	(24, 2, 13, 2, 3, 1, 50, 16, '01:21:01.912', '00:01:31.632'),
	(25, 2, 6, 5, 4, 1, 50, 12, '01:21:15.280', '00:01:32.310'),
	(26, 2, 1, 4, 5, 1, 50, 10, '01:21:19.032', '00:01:32.387'),
	(27, 2, 8, 7, 6, 1, 50, 8, '01:21:23.209', '00:01:32.254'),
	(28, 2, 14, 11, 7, 1, 50, 6, '01:21:25.952', '00:01:32.186'),
	(29, 2, 5, 6, 8, 1, 50, 4, '01:21:28.981', '00:01:31.944'),
	(30, 2, 7, 8, 9, 1, 50, 2, '01:21:30.664', '00:01:31.746'),
	(31, 2, 10, 15, 10, 1, 50, 1, '01:22:00.269', '00:01:32.366'),
	(32, 2, 21, 12, 11, 1, 50, 0, '01:22:11.627', '00:01:32.307'),
	(33, 2, 9, 13, 12, 1, 50, 0, '01:22:29.010', '00:01:32.338'),
	(34, 2, 4, 17, 13, 1, 49, 0, '01:20:47.274', '00:01:33.481'),
	(35, 2, 20, 19, 14, 1, 49, 0, '01:20:50.058', '00:01:33.026'),
	(36, 2, 19, 9, 15, 1, 49, 0, '01:20:53.806', '00:01:33.523'),
	(37, 2, 18, 14, 16, 1, 49, 0, '01:21:03.988', '00:01:33.323'),
	(38, 2, 17, 16, 17, 1, 49, 0, '01:21:06.388', '00:01:32.706'),
	(39, 2, 16, 20, 18, 1, 49, 0, '01:21:12.826', '00:01:32.208'),
	(40, 2, 2, 10, NULL, 2, 5, 0, '00:08:05.608', '00:01:35.560'),
	(41, 2, 3, 18, NULL, 2, 1, 0, '00:02:01.453', NULL),
	(42, 2, 15, NULL, NULL, 3, NULL, NULL, NULL, NULL),
	(43, 3, 15, 2, 1, 1, 58, 25, '01:20:26.843', '00:01:20.031'),
	(44, 3, 13, 4, 2, 1, 58, 19, '01:20:29.209', '00:01:19.813'),
	(45, 3, 5, 3, 3, 1, 58, 15, '01:20:32.747', '00:01:19.915'),
	(46, 3, 6, 5, 4, 1, 58, 12, '01:21:02.613', '00:01:20.199'),
	(47, 3, 12, 6, 5, 1, 58, 10, '01:21:23.152', '00:01:20.388'),
	(48, 3, 2, 9, 6, 1, 58, 8, '01:22:00.065', '00:01:20.930'),
	(49, 3, 19, 8, 7, 1, 58, 6, '01:22:02.444', '00:01:21.134'),
	(50, 3, 1, 10, 8, 1, 58, 4, '01:22:07.835', '00:01:20.493'),
	(51, 3, 10, 16, 9, 1, 58, 2, '01:22:11.396', '00:01:21.145'),
	(52, 3, 9, 14, 10, 1, 57, 1, '01:20:30.924', '00:01:21.082'),
	(53, 3, 21, 12, 11, 1, 57, 0, '01:20:31.852', '00:01:21.618'),
	(54, 3, 18, 18, 12, 1, 57, 0, '01:20:38.351', '00:01:21.239'),
	(55, 3, 3, 17, 13, 1, 57, 0, '01:21:07.796', '00:01:21.090'),
	(56, 3, 17, 13, 14, 1, 57, 0, '01:21:09.169', '00:01:21.422'),
	(57, 3, 16, 19, 15, 1, 57, 0, '01:21:11.136', '00:01:21.327'),
	(58, 3, 4, 15, 16, 1, 57, 0, '01:21:20.822', '00:01:21.354'),
	(59, 3, 8, 7, 17, 2, 56, 0, '01:18:04.734', '00:01:20.284'),
	(60, 3, 7, 11, NULL, 2, 15, 0, '00:02:18.426', '00:01:22.444'),
	(61, 3, 11, 1, NULL, 2, 3, 0, '00:04:14.672', '00:01:23.115'),
	(62, 3, 14, NULL, NULL, 3, NULL, NULL, NULL, NULL),
	(63, 3, 20, NULL, NULL, 3, NULL, NULL, NULL, NULL),
	(64, 4, 11, 1, 1, 1, 53, 26, '01:54:23.566', '00:01:33.706'),
	(65, 4, 12, 2, 2, 1, 53, 18, '01:54:36.101', '00:01:33.945'),
	(66, 4, 15, 4, 3, 1, 53, 15, '01:54:44.432', '00:01:33.841'),
	(67, 4, 13, 8, 4, 1, 53, 12, '01:54:50.088', '00:01:35.044'),
	(68, 4, 5, 3, 5, 1, 53, 10, '01:54:53.266', '00:01:35.186'),
	(69, 4, 1, 5, 6, 1, 53, 8, '01:55:07.838', '00:01:34.726'),
	(70, 4, 8, 9, 7, 1, 53, 6, '01:55:09.517', '00:01:34.404'),
	(71, 4, 6, 6, 8, 1, 53, 4, '01:55:11.091', '00:01:34.802'),
	(72, 4, 7, 7, 9, 1, 53, 2, '01:55:12.192', '00:01:33.952'),
	(73, 4, 19, 10, 10, 1, 52, 1, '01:54:25.168', '00:01:36.342'),
	(74, 4, 10, 12, 11, 1, 52, 0, '01:54:30.734', '00:01:35.325'),
	(75, 4, 2, 16, 12, 1, 52, 0, '01:54:34.799', '00:01:35.798'),
	(76, 4, 9, 18, 13, 1, 52, 0, '01:54:41.485', '00:01:36.654'),
	(77, 4, 17, 13, 14, 1, 52, 0, '01:54:42.459', '00:01:36.608'),
	(78, 4, 4, 15, 15, 1, 52, 0, '01:55:04.718', '00:01:36.232'),
	(79, 4, 3, 16, 16, 1, 52, 0, '01:55:18.632', '00:01:36.642'),
	(80, 4, 20, 17, 17, 1, 52, 0, '01:55:36.331', '00:01:34.900'),
	(81, 4, 16, 20, NULL, 2, 12, 0, '00:49:29.022 ', '00:01:37.160'),
	(82, 4, 18, 11, NULL, 2, 0, 0, NULL, NULL),
	(83, 4, 21, 14, NULL, 2, 0, 0, NULL, NULL),
	(84, 4, 14, NULL, NULL, 3, NULL, NULL, NULL, NULL),
	(85, 5, 11, 4, 1, 1, 19, 8, '00:32:04.660', NULL),
	(86, 5, 7, 2, 2, 1, 19, 7, '00:32:17.703', NULL),
	(87, 5, 12, 6, 3, 1, 19, 6, '00:32:19.918', NULL),
	(88, 5, 13, 7, 4, 1, 19, 5, '00:32:22.146', NULL),
	(89, 5, 15, 5, 5, 1, 19, 4, '00:32:25.356', NULL),
	(90, 5, 5, 1, 6, 1, 19, 3, '00:32:26.748', NULL),
	(91, 5, 6, 8, 7, 1, 19, 2, '00:32:29.373', NULL),
	(92, 5, 8, 11, 8, 1, 19, 1, '00:32:30.356', NULL),
	(93, 5, 16, 10, 9, 1, 19, 0, '00:32:36.611', NULL),
	(94, 5, 9, 12, 10, 1, 19, 0, '00:32:42.058', NULL),
	(95, 5, 18, 14, 11, 1, 19, 0, '00:32:42.500', NULL),
	(96, 5, 17, 9, 12, 1, 19, 0, '00:32:42.955', NULL),
	(97, 5, 4, 17, 13, 1, 19, 0, '00:32:44.501', NULL),
	(98, 5, 2, 15, 14, 1, 19, 0, '00:32:44.959', NULL),
	(99, 5, 3, 16, 15, 1, 19, 0, '00:32:45.498', NULL),
	(100, 5, 19, 19, 16, 1, 19, 0, '00:32:46.530', NULL),
	(101, 5, 21, 18, 17, 1, 19, 0, '00:32:47.658', NULL),
	(102, 5, 20, 20, 18, 1, 19, 0, '00:32:51.012', NULL),
	(103, 5, 10, 13, 19, 1, 19, 0, '00:32:54.290', NULL),
	(104, 5, 1, 3, 20, 2, 17, 0, '00:29:39.513', NULL),
	(105, 5, 14, NULL, NULL, 3, NULL, NULL, NULL, NULL),
	(106, 6, 11, 1, 1, 1, 56, 25, '01:40:52.554', '00:01:38.406'),
	(107, 6, 5, 4, 2, 1, 56, 18, '01:41:06.327', '00:01:38.751'),
	(108, 6, 12, 2, 3, 1, 56, 15, '01:41:11.714', '00:01:39.388'),
	(109, 6, 13, 6, 4, 1, 56, 12, '01:41:16.177', '00:01:39.384'),
	(110, 6, 15, 7, 5, 1, 56, 10, '01:41:26.537', '00:01:39.764'),
	(111, 6, 8, 8, 6, 1, 56, 8, '01:41:31.278', '00:01:40.112'),
	(112, 6, 1, 3, 7, 1, 56, 7, '01:41:35.968', '00:01:37.810'),
	(113, 6, 6, 5, 8, 1, 56, 4, '01:41:48.752', '00:01:39.739'),
	(114, 6, 7, 18, 9, 1, 56, 2, '01:41:50.540', '00:01:40.835'),
	(115, 6, 10, 9, 10, 1, 56, 1, '01:41:53.030', '00:01:40.815'),
	(116, 6, 4, 13, 11, 1, 56, 0, '01:41:55.366', '00:01:40.937'),
	(117, 6, 21, 14, 12, 1, 56, 0, '01:41:58.060', '00:01:40.790'),
	(118, 6, 3, 15, 13, 1, 56, 0, '01:42:01.777', '00:01:39.198'),
	(119, 6, 16, 16, 14, 1, 56, 0, '01:42:04.243', '00:01:38.633'),
	(120, 6, 2, 11, 15, 1, 56, 0, '01:42:15.340', '00:01:39.444'),
	(121, 6, 9, 17, 16, 1, 56, 0, '01:42:20.087', '00:01:41.077'),
	(122, 6, 20, 20, 17, 1, 56, 0, '01:42:27.664', '00:01:41.000'),
	(123, 6, 18, 12, NULL, 2, 33, 0, '01:03:17.069', '00:01:40.994'),
	(124, 6, 19, 19, NULL, 2, 26, 0, '00:48:07.215', '00:01:41.593'),
	(125, 6, 17, 10, NULL, 2, 19, 0, '00:32:58.520', '00:01:41.276'),
	(126, 6, 14, NULL, NULL, 3, NULL, NULL, NULL, NULL),
	(127, 7, 11, 1, 1, 1, 19, 8, '00:31:31.383', NULL),
	(128, 7, 13, 2, 2, 1, 19, 7, '00:31:34.754', NULL),
	(129, 7, 12, 3, 3, 1, 19, 6, '00:31:36.478', NULL),
	(130, 7, 18, 4, 4, 1, 19, 5, '00:31:46.354', NULL),
	(131, 7, 15, 5, 5, 1, 19, 4, '00:31:46.605', NULL),
	(132, 7, 6, 6, 6, 1, 19, 3, '00:31:47.133', NULL),
	(133, 7, 10, 10, 7, 1, 19, 2, '00:31:53.437', NULL),
	(134, 7, 19, 15, 8, 1, 19, 1, '00:32:01.199', NULL),
	(135, 7, 3, 16, 9, 1, 19, 0, '00:32:03.263', NULL),
	(136, 7, 20, 18, 10, 1, 19, 0, '00:32:05.738', NULL),
	(137, 7, 16, 17, 11, 1, 19, 0, '00:32:06.461', NULL),
	(138, 7, 8, 11, 12, 1, 19, 0, '00:32:07.138', NULL),
	(139, 7, 21, 20, 13, 1, 19, 0, '00:32:07.469', NULL),
	(140, 7, 17, 19, 14, 1, 19, 0, '00:32:08.275', NULL),
	(141, 7, 4, 13, 15, 1, 19, 0, '00:32:09.123', NULL),
	(142, 7, 7, 12, 16, 1, 19, 0, '00:32:20.730', NULL),
	(143, 7, 1, 8, 17, 1, 19, 0, '00:32:30.792', NULL),
	(144, 7, 9, 14, 18, 1, 19, 0, '00:32:37.686', NULL),
	(145, 7, 2, 7, NULL, 2, 1, 0, '00:02:57.190', NULL),
	(146, 7, 5, 9, NULL, 2, 0, 0, NULL, NULL),
	(147, 7, 14, NULL, NULL, 3, NULL, NULL, NULL, NULL),
	(148, 8, 5, 5, 1, 1, 57, 25, '01:30:49.876', '00:01:30.980'),
	(149, 8, 11, 1, 2, 1, 57, 18, '01:30:57.488', '00:01:31.261'),
	(150, 8, 13, 2, 3, 1, 57, 15, '01:30:59.796', '00:01:31.084'),
	(151, 8, 12, 4, 4, 1, 57, 12, '01:31:04.526', '00:01:30.855'),
	(152, 8, 15, 3, 5, 1, 57, 10, '01:31:06.283', '00:01:30.928'),
	(153, 8, 7, 8, 6, 1, 57, 8, '01:31:06.461', '00:01:31.233'),
	(154, 8, 19, 10, 7, 1, 57, 6, '01:31:16.061', '00:01:31.682'),
	(155, 8, 8, 7, 8, 1, 57, 4, '01:31:24.665', '00:01:31.921'),
	(156, 8, 1, 15, 9, 1, 57, 2, '01:31:26.983', '00:01:31.727'),
	(157, 8, 4, 13, 10, 1, 57, 1, '01:31:29.622', '00:01:32.037'),
	(158, 8, 10, 9, 11, 1, 57, 0, '01:31:30.665', '00:01:31.941'),
	(159, 8, 3, 12, 12, 1, 57, 0, '01:31:34.834', '00:01:32.055'),
	(160, 8, 6, 6, 13, 1, 57, 0, '01:31:39.632', '00:01:30.634'),
	(161, 8, 16, 19, 14, 1, 57, 0, '01:31:39.855', '00:01:31.991'),
	(162, 8, 18, 20, 15, 1, 57, 0, '01:31:40.832', '00:01:32.122'),
	(163, 8, 17, 16, 16, 1, 57, 0, '01:31:42.232', '00:01:32.098'),
	(164, 8, 2, 11, 17, 1, 57, 0, '01:31:45.049', '00:01:31.588'),
	(165, 8, 21, 14, 18, 1, 57, 0, '01:32:05.967', '00:01:30.849'),
	(166, 8, 9, 18, 19, 1, 57, 0, '01:32:14.559', '00:01:31.774'),
	(167, 8, 20, 17, NULL, 2, 27, 0, '00:43:03.540', '00:01:33.452'),
	(168, 8, 14, NULL, NULL, 3, NULL, NULL, NULL, NULL),
	(169, 9, 11, 1, 1, 1, 63, 25, '01:25:25.252', '00:01:20.366'),
	(170, 9, 5, 2, 2, 1, 63, 18, '01:25:25.977', '00:01:19.994'),
	(171, 9, 13, 3, 3, 1, 63, 15, '01:25:33.168', '00:01:19.935'),
	(172, 9, 6, 5, 4, 1, 63, 12, '01:25:39.384', '00:01:19.907'),
	(173, 9, 15, 4, 5, 1, 63, 10, '01:25:47.577', '00:01:20.220'),
	(174, 9, 7, 8, 6, 1, 63, 8, '01:26:00.356', '00:01:20.331'),
	(175, 9, 8, 6, 7, 1, 63, 7, '01:26:12.406', '00:01:18.589'),
	(176, 9, 12, 11, 8, 1, 63, 4, '01:26:20.028', '00:01:19.686'),
	(177, 9, 2, 13, 9, 1, 63, 2, '01:26:44.808', '00:01:20.570'),
	(178, 9, 19, 7, 10, 1, 62, 1, '01:25:43.108', '00:01:20.936'),
	(179, 9, 10, 10, 11, 1, 62, 0, '01:25:50.529', '00:01:21.700'),
	(180, 9, 9, 18, 12, 1, 62, 0, '01:25:51.686', '00:01:21.009'),
	(181, 9, 18, 9, 13, 1, 62, 0, '01:25:52.913', '00:01:21.569'),
	(182, 9, 4, 12, 14, 1, 62, 0, '01:26:09.159', '00:01:21.304'),
	(183, 9, 16, 17, 15, 1, 62, 0, '01:26:10.185', '00:01:21.016'),
	(184, 9, 3, 15, 16, 1, 62, 0, '01:26:14.967', '00:01:21.371'),
	(185, 9, 20, 19, 17, 1, 62, 0, '01:26:16.303', '00:01:21.229'),
	(186, 9, 17, 16, 18, 1, 62, 0, '01:26:21.595', '00:01:21.455'),
	(187, 9, 1, 20, 19, 1, 62, 0, '01:26:40.376', '00:01:19.004'),
	(188, 9, 21, 14, NULL, 2, 51, 0, '01:13:07.729', '00:01:21.274'),
	(189, 9, 14, NULL, NULL, 3, NULL, NULL, NULL, NULL),
	(190, 10, 13, 1, 1, 1, 78, 25, '2:23:15.554', '00:01:15.162'),
	(191, 10, 6, 2, 2, 1, 78, 18, '2:23:22.706', '00:01:16.281'),
	(192, 10, 15, 3, 3, 1, 78, 15, '2:23:23.139', '00:01:14.726'),
	(193, 10, 5, 4, 4, 1, 78, 12, '2:23:24.204', '00:01:15.742'),
	(194, 10, 8, 5, 5, 1, 78, 10, '2:23:28.863', '00:01:15.228'),
	(195, 10, 11, 6, 6, 1, 78, 8, '2:23:29.407', '00:01:14.569'),
	(196, 10, 7, 7, 7, 1, 78, 7, '2:23:30.462', '00:01:14.165'),
	(197, 10, 19, 8, 8, 1, 77, 4, '2:23:55.041', '00:01:14.720'),
	(198, 10, 21, 9, 9, 1, 77, 2, '2:24:09.606', '00:01:17.060'),
	(199, 10, 3, 10, 10, 1, 77, 1, '2:24:15.795', '00:01:15.625'),
	(200, 10, 1, 14, 11, 1, 76, 0, '2:23:19.408', '00:01:17.939'),
	(201, 10, 18, 12, 12, 1, 76, 0, '2:23:19.818', '00:01:17.172'),
	(202, 10, 17, 17, 13, 1, 76, 0, '2:23:20.042', '00:01:16.561'),
	(203, 10, 2, 13, 14, 1, 76, 0, '2:23:21.521', '00:01:16.710'),
	(204, 10, 20, 15, 15, 1, 76, 0, '2:23:24.580', '00:01:15.525'),
	(205, 10, 16, 18, 16, 1, 76, 0, '2:24:10.814', '00:01:14.718'),
	(206, 10, 4, 11, NULL, 2, 0, 0, NULL, NULL),
	(207, 10, 12, 16, NULL, 2, 0, 0, NULL, NULL),
	(208, 10, 10, 19, NULL, 2, 0, 0, NULL, NULL),
	(209, 10, 9, 20, NULL, 2, 0, 0, NULL, NULL),
	(210, 10, 14, NULL, NULL, 3, NULL, NULL, NULL, NULL);
